<?xml version="1.0" encoding="UTF-8"?>
<addon id="repository.treadstone" name="[B][COLOR ghostwhite]Treadstone's Repository[/COLOR][/B]" version="17.8.7" provider-name="[COLOR ghostwhite]Bourne[/COLOR]">
	<requires>
		<import addon="xbmc.python" version="2.19.0" />
	</requires>
    <extension point="xbmc.addon.repository" name="TR3ADSTONE's SCI LEVEL-5 Repository">
    	<dir minversion="16.0.0">
        	<info compressed="false">https://raw.githubusercontent.com/TR3ADSTONE/repo/master/treadstone-addons.xml</info>
        	<checksum>https://raw.githubusercontent.com/TR3ADSTONE/repo/master/treadstone-addons.xml.md5</checksum>
        	<datadir zip="true">https://github.com/TR3ADSTONE/repo/tree/master/zips/</datadir>
        </dir>
    </extension>
    <extension point="xbmc.addon.metadata">
        <summary lang="en">TREADSTONE's Official Repository</summary>
		<description lang="en">To access the following files in here. You need SCI-5 Clearance granted by CIA (SAD). 
		Special Activities Division can declassify this file to give you full access. 

		"I know who I am. I remember everything". 
     </description>
		<disclaimer lang="en">Treadstone does not host or share any content, nor are they affiliated with any of the content of providers.</disclaimer>
		<platform>all</platform>
			<assets>
				<icon>icon.png</icon>
				<fanart>fanart.jpg</fanart>
				<screenshot>resources/art/screenshots/1.png </screenshot>
				<screenshot>resources/art/screenshots/2.png </screenshot>
				<screenshot>resources/art/screenshots/3.png </screenshot>
				<screenshot>resources/art/screenshots/4.png </screenshot>
				<screenshot>resources/art/screenshots/5.png </screenshot>
			</assets>
		<license>GNU GENERAL PUBLIC LICENSE. Version 3, June 2007</license>
		<website>https://tr3adst.one</website>
		<source>https://explorer.tr3adst.one</source>
		<contact>https://www.facebook.com/groups/TR3ADSTONE</contact>
		<news>SCI LEVEL-5 @TR3ADSTONE</news>
    </extension>
</addon>